mutant,cell_line,treatment,batch
A1039T,EFM192A,neratinib,['H210604_SET1']
A1039T,EFM192A,trastuzumab,['H210604_SET1']
A1039T,SKBR3,neratinib,['H210326_SET2']
A1039T,SKBR3,trastuzumab,['H210326_SET2']
A1160V,EFM192A,neratinib,['H210820']
A1160V,EFM192A,trastuzumab,['H210820']
A1160V,SKBR3,neratinib,['H210409_SET1']
A1160V,SKBR3,trastuzumab,['H210409_SET1']
A355QFS76,EFM192A,neratinib,['H210827_SET2']
A355QFS76,EFM192A,trastuzumab,['H210827_SET2']
A355QFS76,SKBR3,neratinib,['H210205_SET2_2' 'H210423_SET1']
A355QFS76,SKBR3,trastuzumab,['H210205_SET2_2' 'H210423_SET1']
A37T,EFM192A,neratinib,['H210827_SET1']
A37T,EFM192A,trastuzumab,['H210827_SET1']
A37T,SKBR3,neratinib,['H210409_SET2']
A37T,SKBR3,trastuzumab,['H210409_SET2']
D277H,EFM192A,neratinib,['H210521_SET1']
D277H,EFM192A,trastuzumab,['H210521_SET1']
D277H,SKBR3,neratinib,['H210219_SET1']
D277H,SKBR3,trastuzumab,['H210219_SET1']
D638H,EFM192A,neratinib,['H210521_SET1']
D638H,EFM192A,trastuzumab,['H210521_SET1']
D638H,SKBR3,neratinib,['H210219_SET1']
D638H,SKBR3,trastuzumab,['H210219_SET1']
D639E,EFM192A,neratinib,['H210827_SET2']
D639E,EFM192A,trastuzumab,['H210827_SET2']
D639E,SKBR3,neratinib,['H210205_SET2_2']
D639E,SKBR3,trastuzumab,['H210205_SET2_2']
D769H,EFM192A,neratinib,['H210618_SET2']
D769H,EFM192A,trastuzumab,['H210618_SET2']
D769H,SKBR3,neratinib,['H210423_SET1']
D769H,SKBR3,trastuzumab,['H210423_SET1']
D769N,EFM192A,neratinib,['H210618_SET2']
D769N,EFM192A,trastuzumab,['H210618_SET2']
D769N,SKBR3,neratinib,['H210401_SET2']
D769N,SKBR3,trastuzumab,['H210401_SET2']
D769Y,EFM192A,neratinib,['H210514_SET1']
D769Y,EFM192A,trastuzumab,['H210514_SET1']
D769Y,SKBR3,neratinib,['H210212_SET1']
D769Y,SKBR3,trastuzumab,['H210212_SET1']
D873G,EFM192A,neratinib,['H210521_SET1']
D873G,EFM192A,trastuzumab,['H210521_SET1']
D873G,SKBR3,neratinib,['H210219_SET2']
D873G,SKBR3,trastuzumab,['H210219_SET2']
D933Y,EFM192A,neratinib,['H210528_SET1']
D933Y,EFM192A,trastuzumab,['H210528_SET1']
D933Y,SKBR3,neratinib,['H210409_SET2']
D933Y,SKBR3,trastuzumab,['H210409_SET2']
E405D,EFM192A,neratinib,['H210528_SET2']
E405D,EFM192A,trastuzumab,['H210528_SET2']
E405D,SKBR3,neratinib,['H210409_SET2']
E405D,SKBR3,trastuzumab,['H210409_SET2']
E717K,EFM192A,neratinib,['H210514_SET1']
E717K,EFM192A,trastuzumab,['H210514_SET1']
E717K,SKBR3,neratinib,['H210212_SET1']
E717K,SKBR3,trastuzumab,['H210212_SET1']
E744D,EFM192A,neratinib,['H210514_SET1']
E744D,EFM192A,trastuzumab,['H210514_SET1']
E744D,SKBR3,neratinib,['H210212_SET1']
E744D,SKBR3,trastuzumab,['H210212_SET1']
E770A771INSGIRD,EFM192A,neratinib,['H210618_SET1']
E770A771INSGIRD,EFM192A,trastuzumab,['H210618_SET1']
E770A771INSGIRD,SKBR3,neratinib,['H210401_SET2']
E770A771INSGIRD,SKBR3,trastuzumab,['H210401_SET2']
E939G,EFM192A,neratinib,['H210528_SET1']
E939G,EFM192A,trastuzumab,['H210528_SET1']
E939G,SKBR3,neratinib,['H210326_SET1']
E939G,SKBR3,trastuzumab,['H210326_SET1']
E975Q,EFM192A,neratinib,['H210604_SET2']
E975Q,EFM192A,trastuzumab,['H210604_SET2']
E975Q,SKBR3,neratinib,['H210326_SET2']
E975Q,SKBR3,trastuzumab,['H210326_SET2']
F976L,EFM192A,neratinib,['H210528_SET2' 'H210917_EFM192A']
F976L,EFM192A,trastuzumab,['H210528_SET2' 'H210917_EFM192A']
F976L,SKBR3,neratinib,['H210409_SET2']
F976L,SKBR3,trastuzumab,['H210409_SET2']
G1055C,EFM192A,neratinib,['H210521_SET1']
G1055C,EFM192A,trastuzumab,['H210521_SET1']
G1055C,SKBR3,neratinib,['H210219_SET2']
G1055C,SKBR3,trastuzumab,['H210219_SET2']
G309A,EFM192A,neratinib,['H210618_SET2']
G309A,EFM192A,trastuzumab,['H210618_SET2']
G309A,SKBR3,neratinib,['H210423_SET1']
G309A,SKBR3,trastuzumab,['H210423_SET1']
G621AFS31,EFM192A,neratinib,['H210514_SET1']
G621AFS31,EFM192A,trastuzumab,['H210514_SET1']
G621AFS31,SKBR3,neratinib,['H210212_SET1']
G621AFS31,SKBR3,trastuzumab,['H210212_SET1']
G727A,EFM192A,neratinib,['H210604_SET1']
G727A,EFM192A,trastuzumab,['H210604_SET1']
G727A,SKBR3,neratinib,['H210326_SET1']
G727A,SKBR3,trastuzumab,['H210326_SET1']
G778P780DUP,EFM192A,neratinib,['H210820' 'H210917_EFM192A']
G778P780DUP,EFM192A,trastuzumab,['H210820' 'H210917_EFM192A']
G778S779INSLPG,EFM192A,neratinib,['H210618_SET2']
G778S779INSLPG,EFM192A,trastuzumab,['H210618_SET2']
G778S779INSLPS,EFM192A,neratinib,['H210521_SET1']
G778S779INSLPS,EFM192A,trastuzumab,['H210521_SET1']
G778S779INSLPS,SKBR3,neratinib,['H210219_SET2']
G778S779INSLPS,SKBR3,trastuzumab,['H210219_SET2']
H470Q,EFM192A,neratinib,['H210521_SET1']
H470Q,EFM192A,trastuzumab,['H210521_SET1']
H470Q,SKBR3,neratinib,['H210219_SET2']
H470Q,SKBR3,trastuzumab,['H210219_SET2']
H878Y,EFM192A,neratinib,['H210521_SET2']
H878Y,EFM192A,trastuzumab,['H210521_SET2']
H878Y,SKBR3,neratinib,['H210219_SET2']
H878Y,SKBR3,trastuzumab,['H210219_SET2']
I435L,EFM192A,neratinib,['H210514_SET1']
I435L,EFM192A,trastuzumab,['H210514_SET1']
I435L,SKBR3,neratinib,['H210212_SET1']
I435L,SKBR3,trastuzumab,['H210212_SET1']
I767M,EFM192A,neratinib,['H210827_SET1']
I767M,EFM192A,trastuzumab,['H210827_SET1']
I767M,SKBR3,neratinib,['H210205_SET1_2']
I767M,SKBR3,trastuzumab,['H210205_SET1_2']
I886M,EFM192A,neratinib,['H210514_SET1']
I886M,EFM192A,trastuzumab,['H210514_SET1']
I886M,SKBR3,neratinib,['H210212_SET1']
I886M,SKBR3,trastuzumab,['H210212_SET1']
L1197F,EFM192A,neratinib,['H210618_SET1']
L1197F,EFM192A,trastuzumab,['H210618_SET1']
L1197F,SKBR3,neratinib,['H210401_SET1']
L1197F,SKBR3,trastuzumab,['H210401_SET1']
L313V,EFM192A,neratinib,['H210827_SET1']
L313V,EFM192A,trastuzumab,['H210827_SET1']
L313V,SKBR3,neratinib,['H210205_SET1_2']
L313V,SKBR3,trastuzumab,['H210205_SET1_2']
L43V,EFM192A,neratinib,['H210514_SET1']
L43V,EFM192A,trastuzumab,['H210514_SET1']
L43V,SKBR3,neratinib,['H210212_SET2']
L43V,SKBR3,trastuzumab,['H210212_SET2']
L662V,EFM192A,neratinib,['H210521_SET2']
L662V,EFM192A,trastuzumab,['H210521_SET2']
L662V,SKBR3,neratinib,['H210219_SET2']
L662V,SKBR3,trastuzumab,['H210219_SET2']
L755S,EFM192A,neratinib,['H210528_SET2']
L755S,EFM192A,trastuzumab,['H210528_SET2']
L755S,SKBR3,neratinib,['H210409_SET2']
L755S,SKBR3,trastuzumab,['H210409_SET2']
L755T759DEL,EFM192A,neratinib,['H210827_SET2']
L755T759DEL,EFM192A,trastuzumab,['H210827_SET2']
L755T759DEL,SKBR3,neratinib,['H210205_SET1_2']
L755T759DEL,SKBR3,trastuzumab,['H210205_SET1_2']
L785F,EFM192A,neratinib,['H210820']
L785F,EFM192A,trastuzumab,['H210820']
L785F,SKBR3,neratinib,['H210326_SET1']
L785F,SKBR3,trastuzumab,['H210326_SET1']
L869R,EFM192A,neratinib,['H210820']
L869R,EFM192A,trastuzumab,['H210820']
L869R,SKBR3,neratinib,['H210326_SET1']
L869R,SKBR3,trastuzumab,['H210326_SET1']
M833I,EFM192A,neratinib,['H210521_SET2']
M833I,EFM192A,trastuzumab,['H210521_SET2']
M833I,SKBR3,neratinib,['H210219_SET2']
M833I,SKBR3,trastuzumab,['H210219_SET2']
M889I,EFM192A,neratinib,['H210604_SET1']
M889I,EFM192A,trastuzumab,['H210604_SET1']
M889I,SKBR3,neratinib,['H210326_SET2']
M889I,SKBR3,trastuzumab,['H210326_SET2']
N427K,EFM192A,neratinib,['H210521_SET2']
N427K,EFM192A,trastuzumab,['H210521_SET2']
N427K,SKBR3,neratinib,['H210409_SET1']
N427K,SKBR3,trastuzumab,['H210409_SET1']
N488S,EFM192A,neratinib,['H210604_SET1' 'H210917_EFM192A']
N488S,EFM192A,trastuzumab,['H210604_SET1' 'H210917_EFM192A']
N488S,SKBR3,neratinib,['H210326_SET2']
N488S,SKBR3,trastuzumab,['H210326_SET2']
ND611,EFM192A,neratinib,"['H210820' 'H210827_SET1' 'H210827_SET2' 'H210514_SET1' 'H210514_SET2'
 'H210521_SET1' 'H210521_SET2' 'H210528_SET1' 'H210528_SET2'
 'H210604_SET1' 'H210604_SET2' 'H210618_SET1' 'H210618_SET2'
 'H210917_EFM192A']"
ND611,EFM192A,trastuzumab,"['H210820' 'H210827_SET1' 'H210827_SET2' 'H210514_SET1' 'H210514_SET2'
 'H210521_SET1' 'H210521_SET2' 'H210528_SET1' 'H210528_SET2'
 'H210604_SET1' 'H210604_SET2' 'H210618_SET1' 'H210618_SET2'
 'H210917_EFM192A']"
ND611,SKBR3,neratinib,"['H210205_SET2_2' 'H210212_SET1' 'H210212_SET2' 'H210219_SET1'
 'H210219_SET2' 'H210205_SET1_2' 'H210326_SET1' 'H210326_SET2'
 'H210401_SET1' 'H210401_SET2' 'H210409_SET1' 'H210409_SET2'
 'H210423_SET1']"
ND611,SKBR3,trastuzumab,"['H210205_SET2_2' 'H210423_SET1' 'H210219_SET1' 'H210212_SET1'
 'H210219_SET2' 'H210205_SET1_2' 'H210212_SET2' 'H210326_SET2'
 'H210409_SET1' 'H210409_SET2' 'H210401_SET2' 'H210326_SET1'
 'H210401_SET1']"
ND648,SKBR3,neratinib,['H210205_SET2_2' 'H210205_SET1_2']
ND648,SKBR3,trastuzumab,['H210205_SET2_2' 'H210205_SET1_2']
P122L,EFM192A,neratinib,['H210528_SET2' 'H210917_EFM192A']
P122L,EFM192A,trastuzumab,['H210528_SET2' 'H210917_EFM192A']
P122L,SKBR3,neratinib,['H210326_SET1']
P122L,SKBR3,trastuzumab,['H210326_SET1']
P232S,EFM192A,neratinib,['H210521_SET2']
P232S,EFM192A,trastuzumab,['H210521_SET2']
P232S,SKBR3,neratinib,['H210409_SET1']
P232S,SKBR3,trastuzumab,['H210409_SET1']
P416T,EFM192A,neratinib,['H210514_SET2']
P416T,EFM192A,trastuzumab,['H210514_SET2']
P416T,SKBR3,neratinib,['H210212_SET2']
P416T,SKBR3,trastuzumab,['H210212_SET2']
P523S,EFM192A,neratinib,['H210604_SET2']
P523S,EFM192A,trastuzumab,['H210604_SET2']
P523S,SKBR3,neratinib,['H210401_SET2']
P523S,SKBR3,trastuzumab,['H210401_SET2']
P579L,EFM192A,neratinib,['H210528_SET1']
P579L,EFM192A,trastuzumab,['H210528_SET1']
P579L,SKBR3,neratinib,['H210409_SET2']
P579L,SKBR3,trastuzumab,['H210409_SET2']
P702L,EFM192A,neratinib,['H210514_SET2']
P702L,EFM192A,trastuzumab,['H210514_SET2']
P702L,SKBR3,neratinib,['H210212_SET2']
P702L,SKBR3,trastuzumab,['H210212_SET2']
Q1206K,EFM192A,neratinib,['H210604_SET1']
Q1206K,EFM192A,trastuzumab,['H210604_SET1']
Q1206K,SKBR3,neratinib,['H210326_SET2']
Q1206K,SKBR3,trastuzumab,['H210326_SET2']
R1153L,EFM192A,neratinib,['H210618_SET1']
R1153L,EFM192A,trastuzumab,['H210618_SET1']
R1153L,SKBR3,neratinib,['H210401_SET2']
R1153L,SKBR3,trastuzumab,['H210401_SET2']
R190Q,EFM192A,neratinib,['H210521_SET2']
R190Q,EFM192A,trastuzumab,['H210521_SET2']
R190Q,SKBR3,neratinib,['H210409_SET1']
R190Q,SKBR3,trastuzumab,['H210409_SET1']
R203P,EFM192A,neratinib,['H210514_SET2']
R203P,EFM192A,trastuzumab,['H210514_SET2']
R203P,SKBR3,neratinib,['H210212_SET2']
R203P,SKBR3,trastuzumab,['H210212_SET2']
R288Q,EFM192A,neratinib,['H210528_SET1']
R288Q,EFM192A,trastuzumab,['H210528_SET1']
R288Q,SKBR3,neratinib,['H210409_SET2']
R288Q,SKBR3,trastuzumab,['H210409_SET2']
R340G,EFM192A,neratinib,['H210514_SET2']
R340G,EFM192A,trastuzumab,['H210514_SET2']
R340G,SKBR3,neratinib,['H210212_SET2']
R340G,SKBR3,trastuzumab,['H210212_SET2']
R34W,EFM192A,neratinib,['H210604_SET2']
R34W,EFM192A,trastuzumab,['H210604_SET2']
R34W,SKBR3,neratinib,['H210401_SET1']
R34W,SKBR3,trastuzumab,['H210401_SET1']
R456C,EFM192A,neratinib,['H210514_SET2']
R456C,EFM192A,trastuzumab,['H210514_SET2']
R456C,SKBR3,neratinib,['H210212_SET2']
R456C,SKBR3,trastuzumab,['H210212_SET2']
R47C,EFM192A,neratinib,['H210827_SET1']
R47C,EFM192A,trastuzumab,['H210827_SET1']
R47C,SKBR3,neratinib,['H210212_SET2']
R47C,SKBR3,trastuzumab,['H210212_SET2']
R678Q,EFM192A,neratinib,['H210827_SET2']
R678Q,EFM192A,trastuzumab,['H210827_SET2']
R678Q,SKBR3,neratinib,['H210205_SET2_2' 'H210423_SET1']
R678Q,SKBR3,trastuzumab,['H210205_SET2_2' 'H210423_SET1']
R879G,EFM192A,neratinib,['H210618_SET1']
R879G,EFM192A,trastuzumab,['H210618_SET1']
R897G,SKBR3,neratinib,['H210401_SET2']
R897G,SKBR3,trastuzumab,['H210401_SET2']
R929W,EFM192A,neratinib,['H210604_SET2']
R929W,EFM192A,trastuzumab,['H210604_SET2']
R929W,SKBR3,neratinib,['H210401_SET1']
R929W,SKBR3,trastuzumab,['H210401_SET1']
S305C,EFM192A,neratinib,['H210528_SET2' 'H210917_EFM192A']
S305C,EFM192A,trastuzumab,['H210528_SET2' 'H210917_EFM192A']
S305C,SKBR3,neratinib,['H210326_SET1']
S305C,SKBR3,trastuzumab,['H210326_SET1']
S310F,EFM192A,neratinib,['H210618_SET2']
S310F,EFM192A,trastuzumab,['H210618_SET2']
S310F,SKBR3,neratinib,['H210423_SET1' 'H210326_SET2']
S310F,SKBR3,trastuzumab,['H210423_SET1' 'H210326_SET2']
S310Y,EFM192A,neratinib,['H210827_SET1']
S310Y,EFM192A,trastuzumab,['H210827_SET1']
S310Y,SKBR3,neratinib,['H210205_SET1_2']
S310Y,SKBR3,trastuzumab,['H210205_SET1_2']
S609C,EFM192A,neratinib,['H210514_SET2']
S609C,EFM192A,trastuzumab,['H210514_SET2']
S609C,SKBR3,neratinib,['H210219_SET1']
S609C,SKBR3,trastuzumab,['H210219_SET1']
S963,EFM192A,neratinib,['H210604_SET2' 'H210917_EFM192A']
S963,EFM192A,trastuzumab,['H210604_SET2' 'H210917_EFM192A']
S963,SKBR3,neratinib,['H210401_SET1']
S963,SKBR3,trastuzumab,['H210401_SET1']
T297I,EFM192A,neratinib,['H210521_SET2']
T297I,EFM192A,trastuzumab,['H210521_SET2']
T297I,SKBR3,neratinib,['H210409_SET1']
T297I,SKBR3,trastuzumab,['H210409_SET1']
T306M,EFM192A,neratinib,['H210618_SET1']
T306M,EFM192A,trastuzumab,['H210618_SET1']
T306M,SKBR3,neratinib,['H210205_SET1_2']
T306M,SKBR3,trastuzumab,['H210205_SET1_2']
T479M,EFM192A,neratinib,['H210514_SET2']
T479M,EFM192A,trastuzumab,['H210514_SET2']
T479M,SKBR3,neratinib,['H210219_SET1']
T479M,SKBR3,trastuzumab,['H210219_SET1']
T733I,EFM192A,neratinib,['H210827_SET2' 'H210917_EFM192A']
T733I,EFM192A,trastuzumab,['H210827_SET2' 'H210917_EFM192A']
T733I,SKBR3,neratinib,['H210205_SET1_2']
T733I,SKBR3,trastuzumab,['H210205_SET1_2']
T798I,EFM192A,neratinib,"['H210820' 'H210827_SET1' 'H210827_SET2' 'H210514_SET1' 'H210514_SET2'
 'H210521_SET1' 'H210521_SET2' 'H210528_SET1' 'H210528_SET2'
 'H210604_SET1' 'H210604_SET2' 'H210618_SET1' 'H210618_SET2'
 'H210917_EFM192A']"
T798I,EFM192A,trastuzumab,"['H210820' 'H210827_SET1' 'H210827_SET2' 'H210514_SET1' 'H210514_SET2'
 'H210521_SET1' 'H210521_SET2' 'H210528_SET1' 'H210528_SET2'
 'H210604_SET1' 'H210604_SET2' 'H210618_SET1' 'H210618_SET2'
 'H210917_EFM192A']"
T798I,SKBR3,neratinib,"['H210205_SET1_2' 'H210205_SET2_2' 'H210212_SET1' 'H210212_SET2'
 'H210219_SET1' 'H210219_SET2' 'H210326_SET1' 'H210326_SET2'
 'H210401_SET1' 'H210401_SET2' 'H210409_SET1' 'H210409_SET2'
 'H210423_SET1']"
T798I,SKBR3,trastuzumab,"['H210205_SET2_2' 'H210423_SET1' 'H210219_SET1' 'H210212_SET1'
 'H210219_SET2' 'H210205_SET1_2' 'H210212_SET2' 'H210326_SET2'
 'H210409_SET1' 'H210409_SET2' 'H210401_SET2' 'H210326_SET1'
 'H210401_SET1']"
T862A,EFM192A,neratinib,['H210618_SET2']
T862A,EFM192A,trastuzumab,['H210618_SET2']
T862A,SKBR3,neratinib,['H210423_SET1']
T862A,SKBR3,trastuzumab,['H210423_SET1']
T862S,EFM192A,neratinib,['H210528_SET1']
T862S,EFM192A,trastuzumab,['H210528_SET1']
T862S,SKBR3,neratinib,['H210409_SET1']
T862S,SKBR3,trastuzumab,['H210409_SET1']
V424I,EFM192A,neratinib,['H210827_SET2']
V424I,EFM192A,trastuzumab,['H210827_SET2']
V424I,SKBR3,neratinib,['H210205_SET2_2']
V424I,SKBR3,trastuzumab,['H210205_SET2_2']
V697L,EFM192A,neratinib,['H210528_SET1']
V697L,EFM192A,trastuzumab,['H210528_SET1']
V697L,SKBR3,neratinib,['H210409_SET1']
V697L,SKBR3,trastuzumab,['H210409_SET1']
V777L,EFM192A,neratinib,['H210618_SET2']
V777L,EFM192A,trastuzumab,['H210618_SET2']
V797A,EFM192A,neratinib,['H210604_SET2']
V797A,EFM192A,trastuzumab,['H210604_SET2']
V797A,SKBR3,neratinib,['H210401_SET1']
V797A,SKBR3,trastuzumab,['H210401_SET1']
V842I,EFM192A,neratinib,['H210827_SET2']
V842I,EFM192A,trastuzumab,['H210827_SET2']
V842I,SKBR3,neratinib,['H210205_SET2_2' 'H210423_SET1']
V842I,SKBR3,trastuzumab,['H210205_SET2_2' 'H210423_SET1']
W482GFS74,EFM192A,neratinib,['H210604_SET2']
W482GFS74,EFM192A,trastuzumab,['H210604_SET2']
W482GFS74,SKBR3,neratinib,['H210326_SET1']
W482GFS74,SKBR3,trastuzumab,['H210326_SET1']
W825,EFM192A,neratinib,['H210604_SET1']
W825,EFM192A,trastuzumab,['H210604_SET1']
W825,SKBR3,neratinib,['H210326_SET2']
W825,SKBR3,trastuzumab,['H210326_SET2']
W906C,EFM192A,neratinib,['H210521_SET1']
W906C,EFM192A,trastuzumab,['H210521_SET1']
W906C,SKBR3,neratinib,['H210219_SET1']
W906C,SKBR3,trastuzumab,['H210219_SET1']
WT,EFM192A,neratinib,"['H210820' 'H210827_SET1' 'H210827_SET2' 'H210514_SET1' 'H210514_SET2'
 'H210521_SET1' 'H210521_SET2' 'H210528_SET1' 'H210528_SET2'
 'H210604_SET1' 'H210604_SET2' 'H210618_SET1' 'H210618_SET2'
 'H210917_EFM192A']"
WT,EFM192A,trastuzumab,"['H210820' 'H210827_SET1' 'H210827_SET2' 'H210514_SET1' 'H210514_SET2'
 'H210521_SET1' 'H210521_SET2' 'H210528_SET1' 'H210528_SET2'
 'H210604_SET1' 'H210604_SET2' 'H210618_SET1' 'H210618_SET2'
 'H210917_EFM192A']"
WT,SKBR3,neratinib,"['H210205_SET1_2' 'H210205_SET2_2' 'H210212_SET1' 'H210212_SET2'
 'H210219_SET1' 'H210219_SET2' 'H210326_SET1' 'H210326_SET2'
 'H210401_SET1' 'H210401_SET2' 'H210409_SET1' 'H210409_SET2'
 'H210423_SET1']"
WT,SKBR3,trastuzumab,"['H210205_SET2_2' 'H210423_SET1' 'H210219_SET1' 'H210212_SET1'
 'H210219_SET2' 'H210205_SET1_2' 'H210212_SET2' 'H210326_SET2'
 'H210409_SET1' 'H210409_SET2' 'H210401_SET2' 'H210326_SET1'
 'H210401_SET1']"
Y1127A1129DEL,EFM192A,neratinib,['H210618_SET1']
Y1127A1129DEL,EFM192A,trastuzumab,['H210618_SET1']
Y1127A1129DEL,SKBR3,neratinib,['H210401_SET2']
Y1127A1129DEL,SKBR3,trastuzumab,['H210401_SET2']
Y64F,EFM192A,neratinib,['H210827_SET1']
Y64F,EFM192A,trastuzumab,['H210827_SET1']
Y64F,SKBR3,neratinib,['H210219_SET1']
Y64F,SKBR3,trastuzumab,['H210219_SET1']
Y722V773INSRDGE,SKBR3,neratinib,['H210401_SET1']
Y722V773INSRDGE,SKBR3,trastuzumab,['H210401_SET1']
Y772A775DUP,EFM192A,neratinib,['H210604_SET1']
Y772A775DUP,EFM192A,trastuzumab,['H210604_SET1']
Y772V773INSRDGE,EFM192A,neratinib,['H210827_SET1']
Y772V773INSRDGE,EFM192A,trastuzumab,['H210827_SET1']
Y835F,EFM192A,neratinib,['H210618_SET1']
Y835F,EFM192A,trastuzumab,['H210618_SET1']
Y835F,SKBR3,neratinib,['H210205_SET2_2']
Y835F,SKBR3,trastuzumab,['H210205_SET2_2']
